category,rank,keyword,tfidf_score
overall,1,bitcoin,0.021926940319129447
overall,2,crypto,0.019444179754843808
overall,3,cardano,0.01815996783012913
overall,4,price,0.017397617075031294
overall,5,ethereum,0.017196431575968
overall,6,xrp,0.014275720748025031
overall,7,solana,0.013394400684449304
overall,8,market,0.013369973767624823
overall,9,new,0.011861997981447945
overall,10,ada,0.011526611316811397
overall,11,dogecoin,0.010479027234311673
overall,12,shiba,0.010180570479121066
overall,13,inu,0.010109334563133699
overall,14,ripple,0.010088149891620173
overall,15,shiba inu,0.009994304585174944
overall,16,million,0.009695031722088314
overall,17,cryptocurrency,0.009443389853231256
overall,18,shib,0.009019248506711264
overall,19,btc,0.008892968628175237
overall,20,000,0.008691731418551556
overall,21,blockchain,0.008622669031502168
overall,22,says,0.008561953398021172
overall,23,sec,0.008535669623808424
overall,24,network,0.008529965149075423
overall,25,eth,0.007971301572724243
overall,26,time,0.007711177230935923
overall,27,exchange,0.007521405306551632
overall,28,doge,0.007191979469121904
overall,29,billion,0.006980972102666909
overall,30,token,0.006939459222737476
positive,1,bitcoin,0.024892965424542324
positive,2,price,0.023604785506909396
positive,3,cardano,0.02340736388677606
positive,4,crypto,0.020266935958166768
positive,5,ethereum,0.020260281240690403
positive,6,solana,0.018358888623951478
positive,7,market,0.018270990660245005
positive,8,xrp,0.016459424743397646
positive,9,ada,0.015792130530568278
positive,10,new,0.01539145928737783
positive,11,shiba,0.013172814506642842
positive,12,inu,0.013073555427530184
positive,13,shiba inu,0.012961996086355763
positive,14,dogecoin,0.011723026388575392
positive,15,high,0.011563855819125486
positive,16,time,0.01153630913910764
positive,17,cryptocurrency,0.011506874054492534
positive,18,000,0.011171253366985597
positive,19,shib,0.010812373882682606
positive,20,network,0.010618316725996085
positive,21,btc,0.010399337145870359
positive,22,million,0.01017628610374787
positive,23,blockchain,0.010174080815925203
positive,24,ripple,0.010000981085226608
positive,25,rally,0.009468862234924333
positive,26,cardano ada,0.009165161798295794
positive,27,eth,0.00916441659803603
positive,28,bullish,0.009117054121469643
positive,29,sol,0.009051648061580974
positive,30,token,0.009000827990592656
negative,1,bitcoin,0.03204468139152256
negative,2,price,0.025554072091164823
negative,3,crypto,0.024613672714022986
negative,4,cardano,0.020921679253727975
negative,5,market,0.0201691880273038
negative,6,ethereum,0.019755797793979363
negative,7,xrp,0.018090929568437927
negative,8,solana,0.015926191337206384
negative,9,ada,0.014564050578984557
negative,10,sec,0.014530602712213207
negative,11,btc,0.014219706646127199
negative,12,ripple,0.012899379770364048
negative,13,000,0.012574277283736411
negative,14,cryptocurrency,0.012048535988516101
negative,15,million,0.011881380963596262
negative,16,eth,0.01125537925819124
negative,17,says,0.010444728652029127
negative,18,new,0.010261661129297762
negative,19,network,0.01014963313378471
negative,20,exchange,0.00997877256796785
negative,21,dogecoin,0.00986296893208496
negative,22,week,0.009690120199753061
negative,23,time,0.00955713934909334
negative,24,binance,0.009511057759337124
negative,25,billion,0.009486831416210364
negative,26,founder,0.008937136371121776
negative,27,shiba,0.008678030668858371
negative,28,shib,0.00862251644095138
negative,29,inu,0.008563904266284528
negative,30,shiba inu,0.008520865704816829
neutral,1,crypto,0.02282478989520339
neutral,2,bitcoin,0.022567522196884467
neutral,3,ethereum,0.01938378757915897
neutral,4,cardano,0.01885768800377338
neutral,5,xrp,0.015595511627272496
neutral,6,new,0.013491051673859899
neutral,7,dogecoin,0.013193335105635043
neutral,8,price,0.01313230883924657
neutral,9,solana,0.012653755732467659
neutral,10,ripple,0.012149299155432372
neutral,11,million,0.011637617511754777
neutral,12,shiba,0.011570455958515483
neutral,13,inu,0.011502275107375273
neutral,14,shiba inu,0.011315792756627264
neutral,15,blockchain,0.010841030042845555
neutral,16,sec,0.010730898101098516
neutral,17,says,0.010655263737609052
neutral,18,shib,0.010629009729773117
neutral,19,ada,0.010500204400194675
neutral,20,market,0.010073789962688188
neutral,21,cryptocurrency,0.009796913809285141
neutral,22,exchange,0.00928194432069926
neutral,23,founder,0.009241404417861426
neutral,24,network,0.009049563536493365
neutral,25,doge,0.008828890335988238
neutral,26,btc,0.008264116614394478
neutral,27,eth,0.008195413154918684
neutral,28,musk,0.008065695273656137
neutral,29,000,0.007792040575383896
neutral,30,ceo,0.007642707190297342
